{
  "baseline": {
    "cost": 2821.0330030844407,
    "energy": 1282.9894256784903,
    "specific_energy": 0.1094138716980951
  },
  "ai": {
    "cost": 565.926725,
    "energy": 914.425,
    "specific_energy": 0.11524815991127245
  },
  "improvement": {
    "cost_savings_eur": 2255.1062780844404,
    "cost_improvement_pct": 79.9390250173879,
    "energy_savings_kwh": 368.56442567849035,
    "energy_improvement_pct": 28.727004159335173,
    "specific_energy_improvement_pct": -5.332311271532236
  }
}