{
  "baseline": {
    "cost": 576.1927914161682,
    "energy": 938.481388092041,
    "flow": 7314.287536621094,
    "specific_energy": 0.1283079703106096
  },
  "ai": {
    "cost": 257.93730433738233,
    "energy": 420.915966608,
    "flow": 3992.2559999999994,
    "specific_energy": 0.10543311015325672
  },
  "improvement": {
    "cost_savings_eur": 318.2554870787859,
    "cost_improvement_pct": 55.23420143743497,
    "energy_savings_kwh": 517.565421484041,
    "energy_improvement_pct": 55.14924728941786,
    "specific_energy_improvement_pct": 17.828089792066002
  }
}