{
  "baseline": {
    "cost": 167256.20638020834,
    "energy": 19062.861328125,
    "specific_energy": 0.121972
  },
  "ai": {
    "cost": 15377.871050726386,
    "energy": 8737.228160000002,
    "specific_energy": 0.10978210210210211
  },
  "improvement": {
    "cost_savings_eur": 151878.33532948195,
    "cost_improvement_pct": 90.80579944772317,
    "energy_savings_kwh": 10325.633168124998,
    "energy_improvement_pct": 54.16622924749889,
    "specific_energy_improvement_pct": 9.994013296410559
  }
}