{
  "baseline": {
    "cost": 16725.620638020835,
    "energy": 1906.2861328125,
    "specific_energy": 0.121972
  },
  "ai": {
    "cost": 589.8199999999999,
    "energy": 962.5,
    "specific_energy": 0.11524185823754789
  },
  "improvement": {
    "cost_savings_eur": 16135.800638020835,
    "cost_improvement_pct": 96.47355388021168,
    "energy_savings_kwh": 943.7861328125,
    "energy_improvement_pct": 49.50915377116315,
    "specific_energy_improvement_pct": 5.5177760161775735
  }
}