{
  "baseline": {
    "cost": 576.1927914161682,
    "energy": 938.481388092041,
    "flow": 7314.287536621094,
    "specific_energy": 0.1283079703106096
  },
  "ai": {
    "cost": 324.590225,
    "energy": 529.825,
    "flow": 4593.6,
    "specific_energy": 0.11533982061999304
  },
  "improvement": {
    "cost_savings_eur": 251.60256641616826,
    "cost_improvement_pct": 43.66638565501293,
    "energy_savings_kwh": 408.65638809204097,
    "energy_improvement_pct": 43.54443181050728,
    "specific_energy_improvement_pct": 10.107049202963061
  }
}